cp,i,length,length2,curvature,torsion,rms
80,0,557.934,0,98.3946,1.4245,0.374916
81,0,557.846,0,100.526,5.29134,0.381335
