cp,i,length,length2,curvature,torsion,rms
50,0,530.91,0,67.9612,2.97185,0.985865
51,0,530.858,0,72.9044,2.96611,0.978719
